"Wavelength","Lipi-Blue EM","Lipi-Blue EX","Hoechst 33342 EM","Hoechst 33342 EX","LysoTracker Green EM","LysoTracker Green EX","SYBR Gold EM","SYBR Gold EX","TMRE EM","TMRE EX","SPY505 EM","SPY505 AB","SPY620 EM","SPY620 AB","SiR EM","SiR AB","DRAQ7 EM","DRAQ7 EX"
250,,,,,,,,0.4765
251,,,,,,,,0.5
252,,,,,,,,0.5241
253,,,,,,,,0.5343
254,,,,,,,,0.5404
255,,,,,,,,0.5505
256,,,,,,,,0.5583
257,,,,,,,,0.5613
258,,,,,,,,0.5627
259,,,,,,,,0.5668
260,,,,,,,,0.5723
261,,,,,,,,0.5672
262,,,,,,,,0.5658
263,,,,,,,,0.5684
264,,,,,,,,0.566
265,,,,,,,,0.5596
266,,,,,,,,0.5526
267,,,,,,,,0.5456
268,,,,,,,,0.5397
269,,,,,,,,0.5381
270,,,,,,,,0.5307
271,,,,,,,,0.5205
272,,,,,,,,0.513
273,,,,,,,,0.5002
274,,,,,,,,0.4891
275,,,,,,,,0.4795
276,,,,,,,,0.4646
277,,,,,,,,0.4507
278,,,,,,,,0.4352
279,,,,,,,,0.4196
280,,,,,,,,0.4058
281,,,,,,,,0.3911
282,,,,,,,,0.3803
283,,,,,,,,0.3703
284,,,,,,,,0.3572
285,,,,,,,,0.3472
286,,,,,,,,0.3345
287,,,,,,,,0.3246
288,,,,,,,,0.3151
289,,,,,,,,0.3037
290,,,,,,,,0.2964
291,,,,,,,,0.2886
292,,,,,,,,0.2817
293,,,,,,,,0.2734
294,,,,,,,,0.2701
295,,,,,,,,0.2649
296,,,,,,,,0.2631
297,,,,,,,,0.2554
298,,,,,,,,0.2499
299,,,,,,,,0.2474
300,,,,0.3968,,,,0.2411,,,,,,,,,,0.41
301,,,,0.3846,,,,0.2367,,,,,,,,,,0.41
302,,,,0.3722,,,,0.2309,,,,,,,,,,0.42
303,,,,0.3693,,,,0.227,,,,,,,,,,0.42
304,,,,0.3539,,,,0.2217,,,,,,,,,,0.42
305,,0.527,,0.3519,,,,0.2142,,,,,,,,,,0.42
306,,0.5236,,0.3481,,,,0.2075,,,,,,,,,,0.41
307,,0.5202,,0.3467,,,,0.2002,,,,,,,,,,0.41
308,,0.5157,,0.3492,,,,0.1911,,,,,,,,,,0.41
309,,0.5047,,0.3512,,,,0.1851,,,,,,,,,,0.41
310,,0.4938,,0.3546,,,,0.1771,,,,,,,,,,0.4
311,,0.4828,,0.3637,,,,0.1703,,,,,,,,,,0.4
312,,0.4718,,0.3724,,,,0.1634,,,,,,,,,,0.39
313,,0.4609,,0.3858,,,,0.1565,,,,,,,,,,0.38
314,,0.4469,,0.3979,,,,0.1502,,,,,,,,,,0.36
315,,0.4146,,0.4046,,,,0.144,,,,,,,,,,0.35
316,,0.3858,,0.4148,,,,0.1392,,,,,,,,,,0.33
317,,0.3692,,0.4246,,,,0.1352,,,,,,,,,,0.31
318,,0.3526,,0.4345,,,,0.1315,,,,,,,,,,0.29
319,,0.336,,0.4462,,,,0.1279,,,,,,,,,,0.28
320,,0.3202,,0.4578,,,,0.1249,,,,,,,,,,0.26
321,,0.3055,,0.4699,,,,0.1221,,,,,,,,,,0.24
322,,0.2883,,0.486,,,,0.119,,,,,,,,,,0.22
323,,0.28,,0.5082,,,,0.1166,,,,,,,,,,0.21
324,,0.2727,,0.5235,,,,0.1145,,,,,,,,,,0.2
325,,0.2658,,0.542,,,,0.1119,,,,,,,,,,0.18
326,,0.265,,0.5678,,,,0.1093,,,,,,,,,,0.17
327,,0.2641,,0.5818,,,,0.1074,,,,,,,,,,0.16
328,,0.2633,,0.6062,,,,0.1057,,,,,,,,,,0.16
329,,0.2625,,0.6197,,,,0.103,,,,,,,,,,0.15
330,,0.2647,,0.6421,,,,0.1017,,,,,,,,,,0.14
331,,0.2725,,0.6627,,,,0.0989,,,,,,,,,,0.13
332,,0.2802,,0.6866,,,,0.0976,,,,,,,,,,0.13
333,,0.2931,,0.709,,,,0.096,,,,,,,,,,0.12
334,,0.307,,0.7317,,,,0.0935,,,,,,,,,,0.12
335,,0.3208,,0.7536,,,,0.0918,,,,,,,,,,0.11
336,,0.3346,,0.775,,,,0.0904,,,,,,,,,,0.11
337,,0.3502,,0.7969,,,,0.089,,,,,,,,,,0.11
338,,0.3739,,0.8169,,,,0.087,,,,,,,,,,0.1
339,,0.3975,,0.8373,,,,0.0854,,,,,,,,,,0.1
340,,0.4211,,0.8607,,,,0.0848,,,,,,,,,,0.1
341,,0.4452,,0.8788,,,,0.0835,,,,,,,,,,0.09
342,,0.4699,,0.8966,,,,0.0819,,,,,,,,,,0.09
343,,0.4945,,0.9151,,,,0.0811,,,,,,,,,,0.09
344,,0.5191,,0.9335,,,,0.0796,,,,,,,,,,0.09
345,,0.5438,,0.947,,,,0.0786,,,,,,,,,,0.08
346,,0.5684,,0.9601,,,,0.078,,,,,,,,,,0.08
347,,0.5931,,0.9701,,,,0.077,,,,,,,,,,0.08
348,,0.619,,0.9809,,,,0.0769,,,,,,,,,,0.08
349,,0.6457,,0.9871,,,,0.0758,,,,,,,,,,0.08
350,,0.6723,,0.9951,,0.0774,,0.0748,,,,,,,,,,0.08
351,,0.6989,,0.9973,,0.0779,,0.0736,,,,,,,,,,0.07
352,,0.7255,,1,,0.0784,,0.0734,,,,,,,,,,0.07
353,,0.7495,,0.9977,,0.0789,,0.0739,,,,,,,,,,0.07
354,,0.7724,,0.9947,,0.0794,,0.0733,,,,,,,,,,0.07
355,,0.7953,,0.9902,,0.08,,0.0723,,,,,,,,,,0.07
356,,0.8182,,0.983,,0.0799,,0.0708,,,,,,,,,,0.07
357,,0.8411,0.0041,0.9726,,0.0794,,0.0697,,,,,,,,,,0.07
358,,0.8628,0.0042,0.9601,,0.0801,,0.0683,,,,,,,,,,0.07
359,,0.8772,0.0042,0.9485,,0.0803,,0.067,,,,,,,,,,0.06
360,,0.8916,0.0044,0.9323,,0.0797,,0.0653,,,,,,,,,,0.06
361,,0.906,0.0045,0.9171,,0.0809,,0.0626,,,,,,,,,,0.06
362,,0.9204,0.0047,0.9029,,0.0798,,0.0606,,,,,,,,,,0.06
363,,0.9348,0.0049,0.8846,,0.0793,,0.0583,,,,,,,,,,0.06
364,,0.9485,0.0051,0.864,,0.0787,,0.0549,,,,,,,,,,0.06
365,,0.9597,0.0053,0.8436,,0.0785,,0.0521,,,,,,,,,,0.06
366,,0.9706,0.0056,0.8237,,0.0779,,0.0491,,,,,,,,,,0.06
367,,0.976,0.0058,0.8012,,0.0771,,0.0469,,,,,,,,,,0.06
368,,0.9813,0.0061,0.7751,,0.0759,,0.0434,,,,,,,,,,0.06
369,,0.9867,0.0064,0.7507,,0.0752,,0.0412,,,,,,,,,,0.06
370,,0.9906,0.0067,0.7259,,0.0741,,0.0381,,,,,,,,,,0.06
371,,0.9943,0.007,0.6992,,0.0736,,0.0355,,,,,,,,,,0.06
372,,0.9981,0.0075,0.6698,,0.071,,0.0326,,,,,,,,,,0.05
373,,1,0.0079,0.6428,,0.0704,,0.0294,,,,,,,,,,0.05
374,,1,0.0085,0.6106,,0.068,,0.0272,,,,,,,,,,0.05
375,,1,0.0092,0.5786,,0.0667,,0.0251,,,,,,,,,,0.05
376,,1,0.0101,0.5477,,0.0654,,0.0226,,,,,,,,,,0.05
377,,1,0.0113,0.5162,,0.0636,,0.021,,,,,,,,,,0.05
378,,0.9993,0.0128,0.4838,,0.062,,0.019,,,,,,,,,,0.05
379,,0.9977,0.0146,0.4516,,0.0604,,0.0175,,,,,,,,,,0.05
380,,0.9961,0.0168,0.4195,,0.059,,0.0164,,,,,,,,,,0.05
381,,0.9945,0.0196,0.3927,,0.0567,,0.0151,,,,,,,,,,0.05
382,,0.9904,0.0231,0.3624,,0.0553,,0.0142,,,,,,,,,,0.05
383,,0.9822,0.0272,0.3341,,0.0533,,0.0134,,,,,,,,,,0.05
384,,0.974,0.0319,0.3076,,0.0518,,0.0127,,,,,,,,,,0.05
385,,0.9632,0.0371,0.2815,,0.0502,,0.0124,,,,,,,,,,0.04
386,,0.9502,0.0429,0.2572,,0.0487,,0.0117,,,,,,,,,,0.04
387,,0.9372,0.049,0.2339,,0.047,,0.0114,,,,,,,,,,0.04
388,,0.9242,0.0552,0.2137,,0.0449,,0.0111,,,,,,,,,,0.04
389,,0.9112,0.0617,0.1928,,0.0434,,0.0108,,,,,,,,,,0.04
390,,0.8984,0.0684,0.175,,0.0417,,0.0104,,,,,,,,,,0.04
391,,0.8857,0.0752,0.1581,,0.0398,,0.0102,,,,,,,,,,0.04
392,,0.8731,0.082,0.1442,,0.0382,,0.01,,,,,,,,,,0.04
393,,0.8604,0.0895,0.1293,,0.0365,,0.01,,,,,,,,,,0.04
394,,0.8478,0.0976,0.116,,0.0349,,0.0101,,,,,,,,,,0.04
395,,0.8351,0.1064,0.1046,,0.0334,,0.0102,,,,,,,,,,0.04
396,,0.8221,0.1163,0.0943,,0.0318,,0.0099,,,,,,,,,,0.04
397,,0.8074,0.1277,0.0832,,0.03,,0.01,,,,,,,,,,0.04
398,0.0112,0.7926,0.14,0.0745,,0.029,,0.0101,,,,,,,,,,0.04
399,0.0172,0.7779,0.1533,0.0677,,0.0273,,0.0105,,,,,,,,,,0.04
400,0.0232,0.7632,0.1672,0.0586,,0.026,,0.0106,,0.04050000011920929,,0.04760033264756203,,,,,,0.04
401,0.0301,0.7492,0.1826,0.0533,,0.0248,,0.0107,,0.04050000011920929,,0.046690911054611206,,,,,,0.04
402,0.0389,0.7352,0.1984,0.0476,,0.0237,,0.0114,,0.04050000011920929,,0.04499291628599167,,,,,,0.04
403,0.0477,0.7212,0.2152,0.0422,,0.0227,,0.0117,,0.04050000011920929,,0.04439760372042656,,,,,,0.04
404,0.0565,0.7071,0.2324,0.0381,,0.0222,,0.0121,,0.04050000011920929,,0.04402201250195503,,,,,,0.04
405,0.0719,0.6931,0.2505,0.0346,,0.0217,,0.0124,,0.04050000011920929,,0.0433940663933754,,,,,,0.04
406,0.0921,0.6734,0.2684,0.0298,,0.0211,,0.013,,0.04050000011920929,,0.04358493909239769,,,,,,0.04
407,0.1222,0.6537,0.2869,0.0284,,0.0207,,0.0135,,0.03989999989668528,,0.04368031024932861,,,,,,0.04
408,0.1662,0.634,0.306,0.0257,,0.0206,,0.0142,,0.03929999967416128,,0.04216471686959267,,,,,,0.04
409,0.2103,,0.3252,0.0231,,0.0208,,0.0151,,0.03869999945163727,,0.04188740998506546,,,,,,0.04
410,0.2544,,0.3458,0.0223,,0.021,,0.0158,,0.03871999979019165,,0.039429567754268646,,,,,,0.04
411,0.2985,,0.3663,0.0197,,0.0212,,0.0165,,0.03874000012874603,,0.03843245282769203,,,,,,0.04
412,0.3595,,0.3868,0.019,,0.0213,,0.0176,,0.038760000467300416,,0.041622344404459,,,,,,0.04
413,0.424,,0.4083,0.0185,,0.0219,,0.0189,,0.038780000805854795,,0.04328890144824982,,,,,,0.04
414,0.4829,,0.4299,0.0162,,0.0225,,0.0205,,0.03880000114440918,,0.04359612241387367,,,,,,0.04
415,0.5395,,0.4517,0.0142,,0.0231,,0.0222,,0.03844000101089477,,0.04358692467212677,,,,,,0.04
416,0.5961,,0.4733,0.014,,0.0241,,0.0236,,0.03808000087738037,,0.04351518303155899,,,,,,0.04
417,0.6694,,0.4955,0.0126,,0.0249,,0.0247,,0.037720000743865965,,0.04407482594251633,,,,,,0.05
418,0.7429,,0.5177,0.0113,,0.0258,,0.0267,,0.037360000610351565,,0.04471733048558235,,,,,,0.05
419,0.797,,0.5396,0.0118,,0.0271,,0.0289,,0.03700000047683716,,0.044961679726839066,,,,,,0.05
420,0.8383,,0.5604,0.011,,0.0284,,0.0306,,0.036660000681877136,,0.044891923666000366,,,,,,0.05
421,0.8678,,0.5806,0.0104,,0.0298,,0.0328,,0.036320000886917114,,0.043844111263751984,,,,,,0.05
422,0.911,,0.6021,0.0089,,0.0315,,0.0348,,0.03598000109195709,,0.04333099350333214,,,,,,0.05
423,0.9181,,0.6233,0.0111,,0.0331,,0.0373,,0.03564000129699707,,0.043744705617427826,,,,,,0.05
424,0.9221,,0.6448,0.0083,,0.0345,,0.0402,,0.03530000150203705,,0.04431963711977005,,,,,,0.05
425,0.9202,,0.6649,0.0073,,0.0362,,0.0426,,0.03460000157356262,,0.04493825137615204,,,,,,0.05
426,0.9183,,0.6854,0.007,,0.0382,,0.0455,,0.0339000016450882,,0.04594046249985695,,,,,,0.05
427,0.9139,,0.7059,0.0071,,0.0403,,0.0484,,0.03320000171661377,,0.04570246860384941,,,,,,0.05
428,0.9005,,0.725,0.0059,,0.0426,,0.0524,,0.032500001788139346,,0.04586229845881462,,,,,,0.05
429,0.8813,,0.7438,0.0063,,0.045,,0.0557,,0.03180000185966492,,0.046890851110219955,,,,,,0.05
430,0.8728,,0.7625,0.0063,,0.0475,,0.0596,,0.03110000155866146,,0.04769537225365639,,,,,,0.06
431,0.8658,,0.7809,0.0037,,0.0501,,0.0632,,0.030400001257658005,,0.04887958616018295,,,,,,0.06
432,0.8594,,0.7986,0.0038,,0.0529,,0.0688,,0.029700000956654548,,0.05055362358689308,,,,,,0.06
433,0.8591,,0.8149,0.0039,,0.0556,,0.0726,,0.029000000655651094,,0.0518522672355175,,,,,,0.06
434,0.8599,,0.8313,0.0026,,0.0582,,0.0772,,0.028300000354647636,,0.053284138441085815,,,,,,0.06
435,0.861,,0.8462,0.004,,0.0615,,0.0821,,0.02716666708389918,,0.05542641878128052,,,,,,0.06
436,0.8711,,0.8618,0.0033,,0.0654,,0.0867,,0.026033333813150723,,0.05789167061448097,,,,,,0.06
437,0.8838,,0.8767,0.0023,,0.069,,0.0925,,0.024900000542402267,,0.06018954887986183,,,,,,0.06
438,0.8995,,0.891,0.0026,,0.0729,,0.0979,,0.024025000631809235,,0.06249801442027092,,,,,,0.06
439,0.9187,,0.9028,0.0017,,0.0768,,0.1032,,0.023150000721216202,,0.0647766962647438,,,,,,0.06
440,0.9331,,0.9153,0.0006,,0.0812,,0.1093,,0.02227500081062317,,0.06659077852964401,,,,,,0.06
441,0.9452,,0.9257,0.0012,,0.0848,,0.1153,,0.021400000900030136,,0.06931884586811066,,,,,,0.07
442,0.9609,,0.9351,0.0008,,0.0891,,0.1221,,0.021400000900030136,,0.07206941395998001,,,,,,0.07
443,0.9753,,0.9444,0.0006,,0.0939,,0.129,,0.021400000900030136,,0.0745188519358635,,,,,,0.07
444,0.9886,,0.9528,0.0017,,0.0983,,0.1364,,0.021400000900030136,,0.07728133350610733,,,,,,0.07
445,0.9934,,0.9608,0.0011,,0.1039,,0.145,,0.021400000900030136,,0.08042106032371521,,,,,,0.07
446,0.9983,,0.9691,0.0024,,0.1091,,0.155,,0.021400000900030136,,0.08414385467767715,,,,,,0.07
447,1,,0.9764,0.0011,,0.1147,,0.1646,,0.021400000900030136,,0.08672235161066055,,,,,,0.07
448,0.9985,,0.9823,0.003,,0.1203,,0.1739,,0.022120000794529915,,0.09133134037256241,,,,,,0.07
449,0.9969,,0.9878,0,,0.1258,,0.183,,0.022840000689029694,,0.09413307160139084,,,,,,0.07
450,0.9745,,0.9917,,,0.1322,,0.1936,,0.023560000583529472,,0.099945068359375,,,,,,0.07
451,0.9513,,0.9955,,,0.1391,,0.2032,,0.02428000047802925,,0.10770900547504425,,0.00002809999932651408,,,,0.07
452,0.9407,,0.9983,,,0.1457,,0.2154,,0.02500000037252903,,0.1087348461151123,,0.0041601997800171375,,0.013387219,,0.07
453,0.9301,,0.9986,,,0.1539,,0.2278,,0.025583333646257717,,0.11191163212060928,,0.0029603929724544287,,0.01313463,,0.08
454,0.9061,,0.9995,,,0.163,,0.2422,,0.026166666919986408,,0.11565627157688141,,0.0026734829880297184,,0.013387219,,0.08
455,0.8718,,1,,,0.1708,,0.2578,,0.026750000193715096,,0.11884497106075287,,0.0031299309339374304,,0.01313463,,0.08
456,0.8399,,0.9983,,,0.1799,,0.2732,,0.027333333467443783,,0.12434611469507217,,0.003677668981254101,,0.01313463,,0.08
457,0.8136,,0.9958,,,0.1895,,0.2891,,0.027916666741172474,,0.13111333549022675,,0.003508131019771099,,0.012882041,,0.08
458,0.7902,,0.9938,,,0.2003,,0.306,,0.02850000001490116,,0.13747617602348328,,0.003182097105309367,,0.012882041,,0.08
459,0.766,,0.9913,,,0.2129,,0.3244,,0.029900000244379044,,0.14423346519470215,,0.0037493968848139048,,0.012882041,,0.08
460,0.7361,,0.9892,,,0.2246,,0.3423,,0.03130000047385693,,0.15179289877414703,,0.0037559180054813623,,0.012882041,,0.08
461,0.7062,,0.9851,,,0.2387,,0.3612,,0.03270000070333481,,0.16071239113807678,,0.0037559180054813623,,0.012629452,,0.09
462,0.6878,,0.9806,,,0.2521,,0.3794,,0.034100000932812694,,0.17022423446178436,,0.0032342621125280857,,0.012882041,,0.09
463,0.6709,,0.9764,,,0.2657,,0.3985,,0.03550000116229057,,0.17927013337612152,,0.0028821451123803854,,0.012882041,,0.09
464,0.6541,,0.9701,,,0.2801,,0.4164,,0.03815000131726265,,0.18926510214805603,,0.0037624379619956017,,0.012629452,,0.09
465,0.6349,,0.9646,,,0.2944,,0.4351,,0.040800001472234726,,0.20009993016719818,,0.0032146999146789312,,0.011871685,,0.09
466,0.6148,,0.9583,,,0.3105,,0.4528,,0.0434500016272068,,0.2105211317539215,,0.00290822796523571,,0.011619096,,0.09
467,0.596,,0.9514,,,0.3265,,0.4715,,0.04610000178217888,,0.22213295102119446,,0.0036515858955681324,,0.012124274,,0.09
468,0.5836,,0.9444,,,0.3419,,0.4869,,0.048750000074505806,,0.23446285724639893,,0.0033059900160878897,,0.012124274,,0.1
469,0.5713,,0.9372,,,0.3572,,0.5028,,0.05139999836683273,,0.24626792967319489,,0.0028234589844942093,,0.012376863,,0.1
470,0.5589,,0.9278,,,0.3739,,0.5192,,0.054499998688697815,,0.25726160407066345,,0.0023930929601192474,,0.012376863,,0.1
471,0.5465,,0.9194,,,0.3879,,0.5344,,0.0575999990105629,,0.2693042755126953,,0.001454113982617855,,0.012376863,,0.1
472,0.5378,,0.9108,,,0.4033,,0.5526,,0.06069999933242798,,0.28198760747909546,,0.0014215100090950727,,0.012376863,,0.1
473,0.5303,,0.9014,,,0.4168,,0.5678,,0.06379999965429306,,0.29242271184921265,,0.0008476899820379913,,0.012376863,,0.1
474,0.5228,,0.892,,,0.4317,,0.5833,,0.06733333319425583,,0.30216285586357117,,0.0011802449589595199,,0.012376863,,0.1
475,0.5154,,0.8819,,,0.4432,,0.5976,,0.0708666667342186,,0.31208768486976624,,0.0014475929783657193,,0.012124274,,0.11
476,0.5079,,0.8726,,,0.4569,,0.6144,,0.07440000027418137,,0.3217371702194214,,0.0013628239976242185,,0.012124274,,0.11
477,0.4977,,0.8632,,,0.4712,,0.6365,,0.07660000026226044,,0.3305746018886566,,0.002497423905879259,,0.012124274,,0.11
478,0.4832,,0.8514,,,0.4852,,0.6565,,0.07880000025033951,,0.3372438848018646,,0.0025430689565837383,,0.012376863,,0.11
479,0.4688,,0.8399,,,0.4982,,0.6773,,0.08100000023841858,,0.3441619873046875,,0.002027935115620494,,0.012124274,,0.11
480,0.4544,,0.8274,,,0.5113,,0.6982,,0.08320000022649765,,0.3513951301574707,,0.0016236519441008568,,0.012124274,,0.11
481,0.4384,,0.8142,,,0.5251,,0.7172,,0.0892999991774559,,0.3591828942298889,,0.0019301240099593997,,0.012124274,,0.11
482,0.4214,,0.8007,,,0.5403,,0.739,,0.09539999812841415,,0.3666503429412842,,0.003051683073863387,,0.012124274,,0.12
483,0.4043,,0.7865,,,0.5582,,0.7614,,0.09902499802410603,,0.373684287071228,,0.0025365480687469244,,0.011871685,,0.12
484,0.3899,,0.7722,,,0.5774,,0.7845,,0.1026499979197979,,0.3824661076068878,,0.001832313952036202,,0.011871685,,0.12
485,0.3765,,0.759,,0.0149,0.5966,,0.8091,,0.10627499781548977,,0.39221885800361633,,0.0013302209554240108,,0.011871685,,0.12
486,0.363,,0.7462,,0.0178,0.6208,,0.8359,,0.10989999771118164,,0.4037545621395111,,0.00039385000127367675,,0.011871685,,0.12
487,0.3496,,0.7337,,0.0221,0.6478,,0.8607,,0.11779999732971191,,0.416852205991745,,0.0006716310163028538,,0.011871685,,0.12
488,0.3379,,0.7222,,0.0277,0.6733,,0.8874,,0.1256999969482422,,0.4307956397533417,,0.0011737239547073841,,0.012124274,,0.13
489,0.3264,,0.7118,,0.0347,0.7008,,0.9129,,0.1326499953866005,,0.44716736674308777,,0.0011867659632116556,,0.012124274,,0.13
490,0.3148,,0.7021,,0.043,0.7298,,0.9335,,0.1395999938249588,,0.46508046984672546,,0.0025691520422697067,,0.011871685,,0.13
491,0.3036,,0.6917,,0.0539,0.7583,,0.9561,,0.14749999344348907,,0.48475009202957153,,0.003958059009164572,,0.012124274,,0.13
492,0.2928,,0.6802,,0.0675,0.7842,,0.9715,,0.15539999306201935,,0.508327841758728,,0.004212365951389074,,0.012376863,,0.13
493,0.2821,,0.6701,,0.0851,0.8162,,0.9878,,0.16299999753634134,,0.5347487926483154,,0.005125261843204498,,0.012629452,,0.14
494,0.2713,,0.6594,,0.1067,0.8462,,0.9959,,0.17060000201066336,,0.5624483823776245,,0.004877476021647453,,0.012629452,,0.14
495,0.2605,,0.6486,,0.1337,0.8804,,0.9979,,0.17820000648498535,0.031859930604696274,0.5926662683486938,,0.00378852104768157,,0.012629452,,0.14
496,0.2491,,0.6378,,0.1685,0.9104,,1,,0.18810000270605087,0.026980482041835785,0.6256241202354431,,0.004883997142314911,,0.012882041,,0.15
497,0.2376,,0.6271,,0.2112,0.9423,,0.9949,,0.1979999989271164,0.022101033478975296,0.6597328782081604,,0.0057968939654529095,,0.01313463,,0.15
498,0.226,,0.6174,,0.2637,0.9678,,0.9885,,0.20717499777674675,0.026549942791461945,0.6951805353164673,,0.005503462161868811,,0.01313463,,0.15
499,0.2154,,0.6073,,0.3245,0.9887,,0.9768,,0.2163499966263771,0.030998852103948593,0.7321173548698425,,0.006383756175637245,,0.012629452,,0.16
500,0.2072,,0.5972,,0.3962,0.9983,0.0997,0.9606,,0.22552499547600746,0.03903559222817421,0.7689415812492371,,0.0076031251810491085,,0.012882041,,0.16
501,0.199,,0.5868,,0.4758,1,0.1111,0.9412,,0.23469999432563782,0.047072332352399826,0.8048922419548035,,0.008483418263494968,,0.012882041,,0.16
502,0.1909,,0.5764,,0.5614,0.9816,0.1264,0.9178,,0.249549999833107,0.05797933600842953,0.8399097323417664,,0.008802931755781174,,0.013387219,,0.17
503,0.1827,,0.566,,0.6519,0.9486,0.144,0.8911,,0.26440000534057617,0.06888633966445923,0.8748279213905334,,0.008939865976572037,,0.013387219,,0.17
504,0.1745,,0.5552,,0.7384,0.9025,0.1637,0.8639,,0.2782500088214874,0.08668197691440582,0.9073701500892639,,0.009494124911725521,,0.013639808,,0.17
505,0.1689,,0.5441,,0.8203,0.8414,0.1844,0.8322,,0.2921000123023987,0.10447761416435242,0.9347169995307922,,0.009924490004777908,,0.013639808,,0.18
506,0.1636,,0.533,,0.8914,0.7639,0.2072,0.8009,,0.30266667405764264,0.12844432145357132,0.9586091041564941,,0.01013967301696539,,0.013639808,,0.18
507,0.1583,,0.5229,,0.9486,0.6764,0.2311,0.7642,,0.31323333581288654,0.15241102874279022,0.9782588481903076,,0.010393979959189892,,0.013639808,,0.19
508,0.1529,,0.5118,,0.983,0.589,0.257,0.726,,0.3237999975681305,0.1858495995402336,0.9911513328552246,,0.010641765780746937,,0.013892397,,0.19
509,0.1476,,0.5014,,1,0.4999,0.2836,0.6899,,0.3356499969959259,0.219288170337677,0.9980012774467468,,0.009663662873208523,,0.014144986,,0.19
510,0.1423,,0.4913,,0.9959,0.4159,0.31,0.6508,,0.3474999964237213,0.26305970549583435,1,,0.010537435300648212,,0.014397575,,0.2
511,0.1371,,0.4809,,0.978,0.3428,0.3393,0.6134,,0.37130001187324524,0.3068312406539917,0.9928786754608154,,0.013530432246625423,,0.014650164,,0.2
512,0.1325,,0.4708,,0.9413,0.2787,0.3675,0.5785,,0.38019999861717224,0.3513203263282776,0.977411687374115,,0.014658510684967041,,0.014397575,,0.21
513,0.1278,,0.4611,,0.9008,0.2257,0.3977,0.5422,,0.38909998536109924,0.3958094120025635,0.9553396701812744,,0.014873693697154522,,0.014902753,,0.21
514,0.1231,,0.4517,,0.8567,0.1785,0.4289,0.5035,,0.39799998700618744,0.4593857526779175,0.9253785610198975,,0.016790777444839478,,0.015155342,,0.22
515,0.1184,,0.4424,,0.8112,0.1415,0.4618,0.4666,,0.40689998865127563,0.5229620933532715,0.888210117816925,,0.019125184044241905,,0.015155342,,0.22
516,0.1137,,0.4333,,0.7652,0.1118,0.4944,0.4333,,0.4138333300749461,0.5810849368572235,0.8444961905479431,,0.019529467448592186,,0.01566052,,0.23
517,0.1094,,0.4243,,0.7219,0.0878,0.5271,0.3975,,0.4207666714986165,0.6392077803611755,0.7953751087188721,,0.021042266860604286,,0.016165698,,0.23
518,0.1057,,0.4153,,0.6854,0.0683,0.5635,0.3654,,0.427700012922287,0.693312257528305,0.7423425912857056,,0.02282893657684326,,0.016418288,,0.24
519,0.1019,,0.4066,,0.6532,0.055,0.5997,0.3341,,0.4343000054359436,0.7474167346954346,0.6854847073554993,,0.023050639778375626,,0.016418288,,0.24
520,0.0982,,0.3976,,0.6249,0.0446,0.6358,0.3037,,0.4408999979496002,0.7982204258441925,0.6273117661476135,,0.023683147504925728,,0.016418288,,0.25
521,0.0945,,0.3896,,0.5971,0.0365,0.665,0.278,,0.44749999046325684,0.8490241169929504,0.5698384046554565,,0.025085095316171646,,0.016923467,,0.25
522,0.0908,,0.3802,,0.5684,0.03,0.6926,0.2523,,0.4527999957402547,0.8900688886642456,0.5131916403770447,,0.027132591232657433,,0.016923467,,0.26
523,0.0871,,0.3719,,0.5424,0.0251,0.7201,0.2293,,0.4581000010172526,0.9311136603355408,0.45914584398269653,,0.029193129390478134,,0.017428644,,0.27
524,0.0834,,0.3628,,0.5219,0.021,0.7522,0.2074,,0.4634000062942505,0.9552238881587982,0.40774673223495483,,0.03130583465099335,,0.017933821,,0.27
525,0.0797,,0.3542,,0.5039,0.0175,0.7831,0.1857,,0.47030000388622284,0.9793341159820557,0.35906773805618286,,0.03281211480498314,,0.018439,,0.28
526,0.0764,,0.3459,,0.4882,0.0151,0.814,0.165,,0.4772000014781952,0.9896670579910278,0.3148236870765686,,0.03341853618621826,,0.018691588,,0.29
527,0.0731,,0.3381,,0.4734,0.0128,0.8419,0.1467,,0.4851499944925308,1,0.2745876908302307,,0.03444880619645119,,0.018944178,,0.29
528,0.0698,,0.3309,,0.458,0.0108,0.8644,0.1306,,0.49309998750686646,0.9918197393417358,0.2374020516872406,,0.03586379438638687,,0.019701945,,0.3
529,0.0665,,0.3234,,0.4416,0.0095,0.8846,0.1177,,0.5109000205993652,0.9836394786834717,0.2046288400888443,,0.03671148419380188,,0.020459712,,0.31
530,0.0632,,0.3156,,0.4284,0.0085,0.9036,0.1054,,0.5277500152587891,0.9674224853515625,0.17550894618034363,,0.038380783051252365,,0.02096489,,0.31
531,0.0599,,0.3083,,0.4174,0.0076,0.9228,0.0949,,0.5446000099182129,0.9512054920196533,0.1493891328573227,,0.04097601771354675,,0.021217478,,0.32
532,0.0567,,0.3007,,0.4073,0.0068,0.9359,0.0837,,0.5559500157833099,0.930109053850174,0.12678760290145874,,0.04293222352862358,,0.021975245,,0.33
533,0.0534,,0.2935,,0.399,0.0064,0.9532,0.0741,,0.567300021648407,0.9090126156806946,0.10749192535877228,,0.04427548497915268,,0.022733012,,0.34
534,0.051,,0.2861,,0.3949,0.0061,0.9689,0.066,,0.5860999822616577,0.877152681350708,0.09163710474967957,,0.04628385975956917,,0.023238191,,0.35
535,0.049,,0.279,,0.3876,0.0057,0.9811,0.0584,,0.6129000186920166,0.8452927470207214,0.07952030748128891,,0.04743802174925804,,0.02374337,,0.36
536,0.0471,,0.2715,,0.3807,,0.9863,0.0523,,0.644599974155426,0.8071182370185852,0.06912162154912949,,0.04778361693024635,,0.024248548,,0.37
537,0.0452,,0.2652,,0.3737,,0.9924,0.0462,,0.6712999939918518,0.768943727016449,0.059670012444257736,,0.04932902008295059,,0.025511494,,0.38
538,0.0432,,0.2587,,0.366,,0.9974,0.0413,,0.6970000267028809,0.7357921898365021,0.05134689062833786,,0.05239374563097954,,0.026521849,,0.39
539,0.0413,,0.2528,,0.3572,,1,0.0369,,0.7197999954223633,0.7026406526565552,0.0447622686624527,,0.05509983375668526,,0.027279615,,0.4
540,0.0394,,0.2468,,0.3471,,0.9942,0.033,0.0697999969124794,0.7396000027656555,0.6733639538288116,0.039223670959472656,,0.05680173262953758,,0.028542561,,0.41
541,0.0374,,0.2414,,0.3371,,0.9928,,0.07689999788999557,0.7603999972343445,0.6440872550010681,0.034485094249248505,,0.05860796198248863,,0.029300328,,0.42
542,0.0355,,0.2357,,0.3276,,0.988,,0.0892999991774559,0.7811999917030334,0.6102181375026703,0.03073430061340332,,0.060225095599889755,,0.030310685,,0.43
543,0.0336,,0.2298,,0.3174,,0.9861,,0.10300000011920929,0.8256999850273132,0.5763490200042725,0.027020106092095375,,0.06358976662158966,,0.03132104,,0.44
544,0.0316,,0.2238,,0.3065,,0.9836,,0.11900000274181366,0.8662999868392944,0.5472158491611481,0.023479707539081573,,0.06837595999240875,,0.032331396,,0.45
545,0.0297,,0.2181,,0.2929,,0.9676,,0.13700000196695328,0.8822000026702881,0.5180826783180237,0.020457325503230095,,0.07232749462127686,,0.03384693,,0.46
546,0.0278,,0.212,,0.2794,,0.9474,,0.1550000011920929,0.9049999713897705,0.48478761315345764,0.019256632775068283,,0.07657898217439651,,0.034857288,,0.47
547,0.0258,,0.2064,,0.2685,,0.9376,,0.16350000351667404,0.9287499785423279,0.4514925479888916,0.01770179159939289,,0.0809413269162178,,0.036120232,,0.48
548,0.0239,,0.2005,,0.2553,,0.923,,0.1720000058412552,0.9524999856948853,0.4318312406539917,0.01644126884639263,,0.08559709787368774,,0.037383176,,0.49
549,,,0.1945,,0.2449,,0.9133,,0.1899999976158142,0.9663000106811523,0.4121699333190918,0.015571556985378265,,0.09095710515975952,,0.038393535,,0.5
550,,,0.1894,,0.2351,,0.9014,,0.210999995470047,0.9861000180244446,0.3912169933319092,0.01423604879528284,,0.09559983760118484,,0.03965648,,0.51
551,,,0.1848,,0.2246,,0.8854,,0.25200000405311584,0.9901000261306763,0.37026405334472656,0.013620280660688877,,0.10115546733140945,,0.041172013,,0.52
552,,,0.1802,,0.2149,,0.8717,,0.26899999380111694,0.9950500130653381,0.35304246842861176,0.013774950988590717,,0.10802827030420303,,0.042434957,,0.53
553,,,0.1756,,0.204,,0.8569,,0.29600000381469727,1,0.33582088351249695,0.013519682921469212,,0.11477718502283096,,0.043950494,,0.53
554,,,0.1713,,0.1949,,0.8377,,0.35199999809265137,0.9871000051498413,0.3224741667509079,0.013168846257030964,,0.12166956067085266,,0.04521344,,0.54
555,,,0.1668,,0.1851,,0.8257,,0.38199999928474426,0.9782000184059143,0.30912744998931885,0.013511872850358486,,0.1295987218618393,,0.046728972,,0.55
556,,,0.1623,,0.1773,,0.8137,,0.40700000524520874,0.9643999934196472,0.297359362244606,0.013537220656871796,,0.1371627151966095,,0.048244506,,0.56
557,,,0.1578,,0.1689,,0.8006,,0.45500001311302185,0.9524999856948853,0.2855912744998932,0.013595661148428917,,0.1445571780204773,,0.04950745,,0.57
558,,,0.1538,,0.1615,,0.7877,,0.5109999775886536,0.9386000037193298,0.27497129142284393,0.013163816183805466,,0.15224507451057434,,0.051022988,,0.58
559,,,0.1496,,0.1541,,0.7727,,0.5680000185966492,0.923799991607666,0.2643513083457947,0.012861359864473343,,0.1601090282201767,,0.052285932,,0.58
560,,,0.1455,,0.1476,,0.7598,,0.5889999866485596,0.8841999769210815,0.2578932195901871,0.012768439017236233,,0.16864460706710815,,0.054054055,,0.59
561,,,0.1417,,0.1409,,0.749,,0.6389999985694885,0.8217999935150146,0.25143513083457947,0.01261456310749054,,0.17748665809631348,,0.05582218,,0.6
562,,,0.1379,,0.134,,0.7323,,0.6700000166893005,0.7960000038146973,0.24612513929605484,0.012382062152028084,,0.18614614009857178,,0.057085123,,0.61
563,,,0.1341,,0.1283,,0.7226,,0.6970000267028809,0.7663000226020813,0.2408151477575302,0.011499377898871899,,0.19419267773628235,,0.058600657,,0.62
564,,,0.1306,,0.1227,,0.7113,,0.7229999899864197,0.711899995803833,0.23320895433425903,0.01123424805700779,,0.20193272829055786,,0.06011619,,0.62
565,,,0.1271,,0.1176,,0.7018,,0.7850000262260437,0.6693000197410583,0.22560276091098785,0.011532402597367764,,0.20946413278579712,,0.062136903,,0.63
566,,,0.124,,0.1134,,0.692,,0.8220000267028809,0.6327000260353088,0.22488519549369812,0.012152538634836674,,0.2175171822309494,,0.06390503,,0.64
567,,,0.1203,,0.1083,,0.6795,,0.843999981880188,0.5544999837875366,0.2241676300764084,0.013002661056816578,,0.22517898678779602,,0.06567315,,0.65
568,,,0.117,,0.1039,,0.6691,,0.8790000081062317,0.5316999852657318,0.2192881777882576,0.012507610954344273,,0.23166055977344513,,0.06794645,,0.66
569,,,0.1138,,0.0993,,0.6573,,0.9020000100135803,0.508899986743927,0.2144087255001068,0.011962592601776123,,0.23712489008903503,,0.070219755,,0.67
570,,,0.1105,,0.0951,,0.6456,,0.9369999766349792,0.43369999527931213,0.20895522087812424,0.011687999591231346,,0.24075040221214294,,0.072493054,,0.68
571,,,0.1076,,0.0915,,0.6348,,0.9549999833106995,0.4000000059604645,0.20350171625614166,0.010719609446823597,,0.24437589943408966,,0.07552412,,0.69
572,,,0.1052,,0.088,,0.6263,,0.9739999771118164,0.3614000082015991,0.19819173216819763,0.010389620438218117,,0.24691244959831238,,0.07855519,,0.7
573,,,0.1023,,0.0842,,0.6142,,0.9809999763965607,0.3208000063896179,0.1928817480802536,0.009747114032506943,,0.248777374625206,,0.08158626,,0.71
574,,,0.0997,,0.0816,,0.6071,,0.9879999756813049,0.27720001339912415,0.1882893219590187,0.010011118836700916,,0.25124219059944153,,0.084869914,,0.73
575,,,0.097,,0.0781,,0.5962,,0.9940000176429749,0.2500000074505806,0.1836968958377838,0.011377401649951935,,0.2532375156879425,,0.08891134,,0.74
576,,,0.0943,,0.0747,,0.5846,,0.996999979019165,0.22280000150203705,0.17766934633255005,0.011313536204397678,,0.2543916702270508,,0.092700176,,0.75
577,,,0.0914,,0.0721,,0.5766,,0.9934999942779541,0.1931000053882599,0.17164179682731628,0.011201686225831509,,0.2545546889305115,,0.09699419,,0.77
578,,,0.0888,,0.0696,,0.564,,0.9900000095367432,0.17970000207424164,0.16417910903692245,0.010811934247612953,,0.2546655535697937,,0.1015408,,0.78
579,,,0.0863,,0.0668,,0.5539,,0.9850000143051147,0.1662999987602234,0.15671642124652863,0.009997285902500153,,0.25505679845809937,,0.10633998,,0.8
580,,,0.0841,,0.0643,,0.5445,,0.968999981880188,0.1436000019311905,0.15226750820875168,0.00969681516289711,,0.2549785375595093,,0.11214954,,0.81
581,,,0.0814,,0.0619,,0.5369,,0.9549999833106995,0.11190000176429749,0.14781859517097473,0.00995764322578907,,0.2547503113746643,,0.11795908,,0.83
582,,,0.0792,,0.0596,,0.5267,,0.9409999847412109,0.10220000147819519,0.1425086110830307,0.010326546616852283,,0.25571537017822266,,0.12376863,,0.84
583,,,0.0773,,0.0566,,0.5177,,0.9259999990463257,0.0925000011920929,0.13719862699508667,0.008932466618716717,,0.25705212354660034,,0.13008335,,0.86
584,,,0.0753,,0.0544,,0.5058,,0.9049999713897705,0.07500000298023224,0.13217566162347794,0.008161830715835094,,0.25934740900993347,0.002027418,0.13639808,,0.87
585,,,0.074,,0.0524,,0.4959,,0.8930000066757202,0.06705000065267086,0.1271526962518692,0.009357428178191185,,0.2625686228275299,0.0018894985,0.14321798,,0.89
586,,,0.0723,,0.0508,,0.4886,,0.8769999742507935,0.05909999832510948,0.12270378693938255,0.010649786330759525,,0.26698315143585205,0.001751579,0.1497853,,0.9
587,,,0.0708,,0.0492,,0.4772,,0.8450000286102295,0.05119999870657921,0.1182548776268959,0.010702665895223618,,0.27202361822128296,0.001813643,0.1566052,,0.91
588,,,0.0691,,0.0475,,0.4677,,0.8289999961853027,0.043299999088048935,0.11251435056328773,0.009868758730590343,,0.277448832988739,0.001875707,0.16367769,,0.93
589,,,0.0674,,0.0461,,0.4577,,0.796999990940094,0.03714999929070473,0.10677382349967957,0.010328863747417927,,0.2847520112991333,0.0017239955,0.17075019,,0.94
590,,,0.066,,0.0445,,0.4487,,0.7689999938011169,0.03099999949336052,0.10146383568644524,0.010447860695421696,,0.29411572217941284,0.001572284,0.17782268,,0.95
591,,,0.0644,,0.0433,,0.4392,,0.7459999918937683,0.02809999945263068,0.09615384787321091,0.010545547120273113,,0.3049400746822357,0.001455052,0.18514776,,0.96
592,,,0.0632,,0.0412,,0.4279,,0.7269999980926514,0.025199999411900837,0.0918484516441822,0.010953366756439209,,0.3175315260887146,0.00133782,0.19222026,,0.97
593,,,0.0619,,0.0399,,0.4177,,0.6990000009536743,0.022299999371170998,0.0875430554151535,0.010271615348756313,,0.3316292464733124,0.0015446995,0.19929275,,0.98
594,,,0.0602,,0.0384,,0.4077,,0.6769999861717224,0.02049999963492155,0.08467279002070427,0.010237596929073334,,0.3467181324958801,0.001751579,0.20636524,,0.99
595,,,0.0587,,0.0372,,0.3999,,0.652999997138977,0.018699999898672104,0.08180252462625504,0.010410797782242298,,0.36488479375839233,0.0015722835,0.21318515,,0.99
596,,,0.0575,,0.0363,,0.3922,,0.628000020980835,0.016100000124424696,0.07778415456414223,0.010155861265957355,,0.38497501611709595,0.001392988,0.21949987,,1
597,,,0.056,,0.0352,,0.3836,,0.6100000143051147,0.013500000350177288,0.07376578450202942,0.009750423952937126,,0.40734750032424927,0.0015446995,0.225562,,1
598,,,0.0547,,0.0344,,0.3758,,0.5839999914169312,0.01290000012765328,0.07017795369029045,0.00925299059599638,,0.432576060295105,0.001696411,0.23162414,,1
599,,,0.0536,,0.0331,,0.3661,,0.5619999766349792,0.012299999905129274,0.06659012287855148,0.010143551044166088,,0.45884791016578674,0.0016550355000000002,0.23692852,,1
600,,,0.0523,,0.0322,,0.3571,,0.5429999828338623,0.011699999682605267,0.06300229392945766,0.011162704788148403,,0.48558926582336426,0.00161366,0.24172771,,1
601,,,0.0513,,0.0312,,0.3478,,0.5220000147819519,0.009049999760463834,0.059414464980363846,,,0.5142542123794556,0.001896395,0.24602172,,0.99
602,,,0.0501,,0.0299,,0.3404,,0.5119999945163727,0.006399999838322401,0.05840987339615822,,,0.5455013513565063,0.00217913,0.25006315,,0.99
603,,,0.0491,,0.029,,0.3313,,0.5019999742507935,0.006416666554287076,0.05740528181195259,,,0.5773810148239136,0.0023377375,0.2535994,,0.98
604,,,0.0478,,0.028,,0.3218,,0.4790000021457672,0.006433333270251751,0.05424799025058746,,,0.6116929054260254,0.002496345,0.25637788,,0.98
605,,,0.0468,,0.0274,,0.3151,,0.46000000834465027,0.006449999986216426,0.051090698689222336,,,0.6473937034606934,0.0027446005,0.25890377,,0.97
606,,,0.0457,,0.0266,,0.3085,,0.44850000739097595,0.006466666702181101,0.0483639482408762,,,0.6831988096237183,0.002992856,0.2609245,,0.96
607,,,0.0447,,0.026,,0.3041,,0.43700000643730164,0.006483333418145776,0.04563719779253006,,,0.7198907136917114,0.0030825035,0.2626926,,0.95
608,,,0.0434,,0.0248,,0.2922,,0.41600000858306885,0.006500000134110451,0.0437715258449316,,,0.7561979293823242,0.003172151,0.2644607,,0.93
609,,,0.0422,,0.0238,,0.2847,,0.39800000190734863,0.006500000134110451,0.041905853897333145,,,0.7922834157943726,0.00358591,0.26572368,,0.92
610,,,0.0414,,0.0225,,0.2768,,0.38850000500679016,0.006500000134110451,0.04118828848004341,,,0.8268365263938904,0.003999669,0.2669866,,0.91
611,,,0.0403,,0.022,,0.268,,0.3790000081062317,0.006500000134110451,0.04047072306275368,,,0.8609267473220825,0.0045858275,0.26824957,,0.9
612,,,0.0394,,0.021,,0.2596,,0.37150000035762787,0.006500000134110451,0.03903559036552906,,0.18583999574184418,0.8927541971206665,0.005171986,0.26976508,,0.88
613,,,0.0386,,0.0202,,0.2526,,0.36399999260902405,,0.03760045766830444,,0.2164764329791069,0.9202128052711487,0.0053305934999999995,0.2717858,,0.87
614,,,0.038,,0.0195,,0.2469,,0.3564999997615814,,0.035734787583351135,,0.24711287021636963,0.9453566074371338,0.005489201,0.27355394,,0.86
615,,,0.0373,,0.0188,,0.2432,,0.3490000069141388,,0.03386911749839783,,0.2890756279230118,0.9662032723426819,0.0067649575,0.2760798,,0.84
616,,,0.0365,,0.0182,,0.2362,,0.33900000154972076,,0.03329506330192089,,0.33103838562965393,0.982752799987793,0.008040714,0.27936348,,0.83
617,,,0.0353,,0.0173,,0.2334,,0.32899999618530273,,0.032721009105443954,,0.3726636618375778,0.9949725270271301,0.008778583999999999,0.2834049,,0.82
618,,,0.0344,,0.0169,,0.2273,,0.3229999939600627,,0.03157290443778038,,0.4142889380455017,1,0.009516454,0.2882041,,0.81
619,,,0.0338,,0.016,,0.221,,0.3169999917348226,,0.030424799770116806,,0.46109479665756226,0.998004674911499,0.010619811,0.29376104,,0.8
620,,,0.033,,0.0156,,0.2163,,0.3109999895095825,,0.03028128668665886,,0.5079006552696228,0.9910601377487183,0.011723168,0.30032837,,0.8
621,,,0.0325,,0.0148,,0.2121,,0.3046666582425435,,0.030137773603200912,,0.565462738275528,0.9791598916053772,0.013426475,0.30866382,,0.79
622,,,0.0318,,0.0141,,0.2065,,0.2983333269755046,,0.028415614739060402,,0.6230248212814331,0.9616191983222961,0.015129782,0.3180096,,0.79
623,,,0.031,,0.0135,,0.2031,,0.2919999957084656,,0.02669345587491989,,0.6732505559921265,0.9383860230445862,0.017957134,0.32887092,,0.78
624,,,0.0303,,0.0128,,0.1973,,0.28733332951863605,,0.025975889526307583,,0.7234762907028198,0.909173309803009,0.020784486,0.34074262,,0.78
625,,,0.0296,,0.0125,,0.1929,,0.2826666633288066,,0.025258323177695274,,0.7601580023765564,0.8749266266822815,0.022591233000000002,0.35514018,,0.78
626,,,0.0288,,0.0117,,0.1877,,0.27799999713897705,,0.0241102185100317,,0.796839714050293,0.8375826478004456,0.02439798,0.3710533,,0.78
627,,,0.0283,,0.0114,,0.1843,,0.2724999934434891,,0.022962113842368126,,0.8397291004657745,0.7961828112602234,0.029680302,0.38822934,,0.78
628,,,0.0278,,0.0107,,0.1802,,0.2669999897480011,,0.022244546562433243,,0.8826184868812561,0.7514247894287109,0.034962624,0.40666837,,0.78
629,,,0.0273,,0.0104,,0.1764,,0.2616666555404663,,0.02152697928249836,,0.9040631949901581,0.7060211896896362,0.038500262,0.4281384,,0.78
630,,,0.0265,,0.0103,,0.1715,,0.2563333213329315,,0.02109644003212452,,0.9255079030990601,0.6600829362869263,0.0420379,0.451124,,0.78
631,,,0.0257,,0.0099,,0.1688,,0.25099998712539673,,0.02066590078175068,,0.947516918182373,0.6131535172462463,0.049030425,0.4746148,,0.79
632,,,0.0255,,0.0094,,0.1643,,0.24399999529123306,,0.01994833443313837,,0.969525933265686,0.5671761631965637,0.05602295,0.5001263,,0.79
633,,,0.025,,0.009,,0.1595,,0.2370000034570694,,0.019230768084526062,,0.9830699563026428,0.5212835073471069,0.06376024,0.5274059,,0.79
634,,,0.0246,,0.0089,,0.1568,,0.2336666683355967,,0.01894374191761017,,0.9966139793395996,0.4766102731227875,0.07149753,0.5551907,,0.79
635,,,0.0243,,0.0087,,0.1517,,0.23033333321412405,,0.018656715750694275,,0.9983069896697998,0.4348517954349518,0.075773038,0.5849962,,0.8
636,,,0.0239,,0.0083,,0.1491,,0.22699999809265137,,0.017221583984792233,,1,0.3936931788921356,0.080048546,0.6150543,,0.8
637,,,0.0234,,0.0082,,0.1453,,0.210999995470047,,0.01578645221889019,,0.984762966632843,0.35522764921188354,0.096523048,0.6456176,,0.8
638,,,0.023,,0.008,,0.1419,,0.20733333130677542,,0.015355912502855062,,0.969525933265686,0.31900519132614136,0.11299755,0.6769386,,0.81
639,,,0.0227,,0.0079,,0.1401,,0.20366666714350382,,0.014925372786819935,,0.9593679308891296,0.28496068716049194,0.12689984999999998,0.70927,,0.81
640,,,0.0223,,0.0077,,0.136,,0.20000000298023224,,0.014494833536446095,,0.9492099285125732,0.25411128997802734,0.14080215,0.7413488,,0.81
641,,,0.0221,,0.0073,,0.1331,,0.1939999982714653,,0.014064294286072254,,0.9147855639457703,0.22581149637699127,0.159366125,0.7736802,,0.81
642,,,0.0219,,0.007,,0.1304,,0.18799999356269836,,0.013203214854001999,,0.8803611993789673,0.19976134598255157,0.1779301,0.805759,,0.82
643,,,,,0.0069,,0.1259,,0.18266666432221731,,0.012342135421931744,,0.8685101568698883,0.17640423774719238,0.18870162000000001,0.83708006,,0.82
644,,,,,0.0069,,0.1234,,0.17733333508173624,,0.01205510925501585,,0.8566591143608093,0.15418171882629395,0.19947314,0.86587524,,0.82
645,,,,,0.0064,,0.1216,,0.1720000058412552,,0.011768083088099957,,0.8256207406520844,0.13491307199001312,0.22312636,0.89366,,0.82
646,,,,,0.0062,,0.1205,,0.16900000472863516,,0.011337542906403542,,0.7945823669433594,0.11840920895338058,0.24677958,0.91967666,,0.81
647,,,,,0.0062,,0.1157,,0.1660000036160151,,0.010907002724707127,,0.7601580023765564,0.10167060047388077,0.2748876,0.9421571,,0.81
648,,,,,0.0061,,0.1135,,0.16300000250339508,,0.009758897591382265,,0.7257336378097534,0.08659476786851883,0.30299562,0.96160644,,0.81
649,,,,,0.006,,0.1097,,0.157000000278155,,0.008610792458057404,,0.7042889297008514,0.07457713037729263,0.33624803999999997,0.9777722,,0.81
650,,,,,0.0057,,0.1073,,0.15099999805291495,,0.008897818624973297,,0.6828442215919495,0.0661458820104599,0.36950046,0.9896439,0.29,0.8
651,,,,,,,0.1039,,0.14499999582767487,,0.00918484479188919,,0.6546275317668915,0.058855749666690826,0.398663565,0.9969689,0.31,0.8
652,,,,,,,0.1039,,0.14033332963784537,,0.008610791992396116,,0.6264108419418335,0.05174167454242706,0.42782667,1,0.33,0.79
653,,,,,,,0.0998,,0.13566666344801584,,0.008036739192903042,,0.6066591441631317,0.04462108388543129,0.46360992,0.99873704,0.36,0.78
654,,,,,,,0.0979,,0.13099999725818634,,0.007893226109445095,,0.5869074463844299,0.038093872368335724,0.49939317,0.9931801,0.39,0.77
655,,,,,,,0.0957,,0.12633333106835684,,0.007749713025987148,,0.552483081817627,0.031892694532871246,0.532880035,0.98231876,0.41,0.76
656,,,,,,,0.0917,,0.12166666487852733,,0.007462686626240611,,0.518058717250824,0.02516334317624569,0.5663669,0.967416,0.43,0.75
657,,,,,,,0.091,,0.11699999868869781,,0.007175660226494074,,0.494921013712883,0.02091185376048088,0.5986608,0.94796664,0.47,0.73
658,,,,,,,0.0857,,0.1123333324988683,,0.006601607659831643,,0.471783310174942,0.018101435154676437,0.6309547,0.9259914,0.51,0.72
659,,,,,,,0.0848,,0.1076666663090388,,0.006027555093169212,,0.46049661934375763,0.01564965583384037,0.667744735,0.89946955,0.54,0.7
660,,,,,,,0.0827,,0.10300000011920929,,0.005884041544049978,,0.44920992851257324,0.013882548548281193,0.70453477,0.8701692,0.57,0.68
661,,,,,,,0.0818,,0.09936666737000148,,0.005740527994930744,,0.42776523530483246,0.012369749136269093,0.7417661849999999,0.8363223,0.61,0.67
662,,,,,,,0.0767,,0.09573333462079366,,0.005597014911472797,,0.4063205420970917,0.011293835006654263,0.7789976,0.8004547,0.65,0.65
663,,,,,,,0.0755,,0.09210000187158585,,0.005453501828014851,,0.3888261914253235,0.009676704183220863,0.8114638999999999,0.7620611,0.67,0.63
664,,,,,,,0.0768,,0.08856666833162308,,0.005166475428268313,,0.3713318407535553,0.00839212816208601,0.8439302,0.7216469,0.7,0.61
665,,,,,,,0.0715,,0.08503333479166031,,0.004879449028521776,,0.3532731384038925,0.007146676070988178,0.869155685,0.68098,0.74,0.59
666,,,,,,,0.0693,,0.08150000125169754,,0.004879449028521776,,0.33521443605422974,0.005979472771286964,0.89438117,0.6385451,0.77,0.56
667,,,,,,,0.0683,,0.07927500084042549,,0.004879449028521776,,0.31997741758823395,0.005164387170225382,0.9192618850000001,0.59535235,0.81,0.54
668,,,,,,,0.066,,0.07705000042915344,,0.004592422628775239,,0.30474039912223816,0.004421027842909098,0.9441426,0.55316997,0.84,0.52
669,,,,,,,0.0653,,0.0748250000178814,,0.004305396229028702,,0.29627539217472076,0.004075430799275637,0.9563277750000001,0.51048243,0.87,0.5
670,,,,,,,0.0642,,0.07259999960660934,,0.004161883145570755,,0.28781038522720337,0.0035537760704755783,0.96851295,0.46880525,0.88,0.47
671,,,,,,,0.062,,0.06994999945163727,,0.004018370062112808,,0.2776523679494858,0.0028038970194756985,0.983353105,0.4288962,0.92,0.45
672,,,,,,,0.0609,,0.06729999929666519,,0.003731343545950949,,0.2674943506717682,0.0031038490124046803,0.99819326,0.39100784,0.93,0.43
673,,,,,,,0.0596,,0.06553333252668381,,0.00344431702978909,,0.2635440081357956,0.003938497044146061,0.9990966299999999,0.3548876,0.97,0.41
674,,,,,,,0.0592,,0.06376666575670242,,0.003587829996831715,,0.259593665599823,0.0026604419108480215,1,0.32129326,0.96,0.39
675,,,,,,,0.0573,,0.06199999898672104,,0.00373134296387434,,0.2511286586523056,0.0008346479735337198,0.9986897699999999,0.2897196,0.99,0.37
676,,,,,,,0.0566,,0.060799999783436455,,0.003444316447712481,,0.2426636517047882,0.000519047025591135,0.99737954,0.2601667,1,0.35
677,,,,,,,0.0553,,0.05960000058015188,,0.003157289931550622,,0.2364559769630432,-0.0007172760087996721,0.98546329,0.23288709,0.99,0.34
678,,,,,,,0.053,,0.058400001376867294,,0.003013776964507997,,0.23024830222129822,-0.0026082759723067284,0.97354704,0.20889114,0.99,0.32
679,,,,,,,0.0527,,0.05663333460688591,,0.002870263997465372,,0.22234762459993362,-0.0035211730282753706,0.95701737,0.18615812,0.99,0.3
680,,,,,,,0.0521,,0.054866667836904526,,0.002870263997465372,,0.21444694697856903,-0.005542587023228407,0.9404877,0.165951,0.99,0.29
681,,,,,,,0.0517,,0.05310000106692314,,0.002870263997465372,,0.21275394409894943,-0.006781517993658781,0.9284956,0.14826976,0.98,0.27
682,,,,,,,0.049,,0.05240000113844871,,0.003013776964507997,,0.21106094121932983,-0.005738207139074802,0.9165035,0.13159889,0.99,0.26
683,,,,,,,0.0481,,0.05170000120997429,,0.003157289931550622,,0.20993227511644363,-0.003977620974183083,0.88978845,0.116696134,0.96,0.25
684,,,,,,,0.0477,,0.05100000128149986,,0.002583237481303513,,0.20880360901355743,-0.0028038970194756985,0.8630734,0.104066685,0.97,0.23
685,,,,,,,0.0466,,0.05030000135302544,,0.002009185031056404,,0.20541760325431824,-0.0020866210106760263,0.8319725499999999,0.09244759,0.95,0.22
686,,,,,,,0.0456,,0.04960000142455101,,0.002439724514260888,,0.20203159749507904,-0.001108517055399716,0.8008717,0.082091436,0.93,0.21
687,,,,,,,0.0431,,0.047233334432045616,,0.002870263997465372,,0.19808126240968704,-0.000033399999665562063,0.78268695,0.07299823,0.91,0.2
688,,,,,,,0.043,,0.04486666743954023,,0.002439724514260888,,0.19413092732429504,0.0006416360265575349,0.7645022,0.06466279,0.9,0.19
689,,,,,,,0.0426,,0.042500000447034836,,0.002009185031056404,,0.18961625546216965,0.0009063759935088456,0.737601,0.057085123,0.9,0.18
690,,,,,,,0.0418,,0.04142000004649162,,0.002152697998099029,,0.18510158360004425,0.0003697230131365359,0.7106998,0.05051781,0.87,0.17
691,,,,,,,0.0412,,0.04033999964594841,,0.002296210965141654,,0.18227991461753845,0.0010498310439288616,0.6763509249999999,0.04470826,0.86,0.16
692,,,,,,,0.0392,,0.0392599992454052,,0.002009184507187456,,0.17945824563503265,0.001975768944248557,0.64200205,0.0391513,0.84,0.15
693,,,,,,,0.0378,,0.038179998844861986,,0.0017221580492332578,,0.17494356632232666,0.0017931900219991803,0.61936945,0.034857288,0.82,0.14
694,,,,,,,0.037,,0.03709999844431877,,0.002009184507187456,,0.17042888700962067,0.0015584450447931886,0.59673685,0.031068452,0.8,0.14
695,,,,,,,0.0363,,0.03664999920874834,,0.002296210965141654,,0.16986455768346786,0.0008476899820379913,0.5703252249999999,0.027784795,0.77,0.13
696,,,,,,,0.0343,,0.03619999997317791,,0.002152697998099029,,0.16930022835731506,0.0006305510178208351,0.5439136,0.025006315,0.76,0.12
697,,,,,,,0.0338,,0.03575000073760748,,0.002009185031056404,,0.16422121971845627,0.0006977139855735004,0.5142264,0.022480424,0.75,0.12
698,,,,,,,0.0334,,0.03530000150203705,,0.002009185031056404,,0.15914221107959747,0.0006455479888245463,0.4845392,0.020207124,0.73,0.11
699,,,,,,,0.0327,,0.03530000150203705,,0.002009185031056404,,0.15857787430286407,0.0007172760087996721,0.46523046,0.01818641,0.71,0.11
700,,,,,,,0.0315,,,,0.001865671540144831,,0.15801353752613068,0.0006083800108171999,0.44592172,0.016670875,0.69,0.1
701,,,,,,,,,,,,,0.15462753921747208,-0.0003821119898930192,0.42594406,0.014902753,0.68,0.1
702,,,,,,,,,,,,,0.15124154090881348,-0.00029930000891909003,0.4059664,0.013639808,0.66,0.09
703,,,,,,,,,,,,,0.14785553514957428,0.0012063280446454883,0.38980911500000004,0.012376863,0.65,0.09
704,,,,,,,,,,,,,0.14446952939033508,0.001401948044076562,0.37365183,0.011366507,0.64,0.08
705,,,,,,,,,,,,,0.1422121897339821,0.0012519729789346457,0.357115265,0.010861329,0.62,0.08
706,,,,,,,,,,,,,0.1399548500776291,0.0016758169513195753,0.3405787,0.009850972,0.61,0.08
707,,,,,,,,,,,,,0.13890518993139267,0.0010759140131995082,0.33122086500000003,0.009345794,0.6,0.07
708,,,,,,,,,,,,,0.13785552978515625,0.0006403320003300905,0.32186303,0.009093205,0.58,0.07
709,,,,,,,,,,,,,0.13326185196638107,0.00006779999966965988,0.312153475,0.008335438,0.56,0.07
710,,,,,,,,,,,,,0.1286681741476059,-0.00042384499101899564,0.30244392,0.00783026,0.55,0.06
711,,,,,,,,,,,,,0.1292325034737587,-0.00008610000077169389,0.2939136,0.007325082,0.55,0.06
712,,,,,,,,,,,,,0.1297968327999115,0.0006781520205549896,0.28538328,0.007325082,0.54,0.06
713,,,,,,,,,,,,,0.126975167542696,0.0012845760211348534,0.27137064,0.006819904,0.53,0.06
714,,,,,,,,,,,,,0.1241535022854805,0.0012519729789346457,0.257358,0.006819904,0.53,0.05
715,,,,,,,,,,,,,0.1196388266980648,0.0011476409854367375,0.251579175,0.006567315,0.52,0.05
716,,,,,,,,,,,,,0.11512415111064911,0.001388906966894865,0.24580035,0.006062137,0.51,0.05
717,,,,,,,,,,,,,0.11173814907670021,0.002627837937325239,0.23995255999999998,0.005809548,0.51,0.05
718,,,,,,,,,,,,,0.10835214704275131,0.002921269042417407,0.23410477,0.005809548,0.5,0.05
719,,,,,,,,,,,,,0.10553047433495522,0.0025756729301065207,0.22973960999999998,0.005556959,0.5,0.04
720,,,,,,,,,,,,,0.10270880162715912,0.0026539210230112076,0.22537445,0.005556959,0.5,0.04
721,,,,,,,,,,,,,0.10214446857571602,0.0024387380108237267,0.21974733000000002,0.00530437,0.49,0.04
722,,,,,,,,,,,,,0.10158013552427292,0.0023018040228635073,0.21412021,0.005051781,0.49,0.04
723,,,,,,,,,,,,,0.09424379095435143,0.0029017070773988962,0.21103081,0.005051781,0.48,0.04
724,,,,,,,,,,,,,0.08690744638442993,0.003997182939201593,0.20794141,0.005051781,0.48,0.04
725,,,,,,,,,,,,,0.08126410841941833,0.003886331105604768,0.203734865,0.004799192,0.48,0.04
726,,,,,,,,,,,,,0.07562077045440674,0.0035537760704755783,0.19952832,0.004799192,0.48,0.03
727,,,,,,,,,,,,,0.07562077045440674,0.004029787145555019,0.19657684,0.005051781,0.48,0.03
728,,,,,,,,,,,,,0.07562077045440674,0.004244969226419926,0.19362536,0.004799192,0.47,0.03
729,,,,,,,,,,,,,0.07223476469516754,0.0032799069304019213,0.1880603,0.004546603,0.47,0.03
730,,,,,,,,,,,,,0.06884875893592834,0.0024256969336420298,0.18249524,0.004546603,0.46,0.03
731,,,,,,,,,,,,,0.06659142300486565,0.002530028112232685,0.180840205,0.004546603,0.46,0.03
732,,,,,,,,,,,,,0.06433408707380295,0.0030321211088448763,0.17918517,0.004546603,0.44,0.03
733,,,,,,,,,,,,,0.061512416228652,0.0018714379984885454,0.17370976,0.004546603,0.45,0.03
734,,,,,,,,,,,,,0.05869074538350105,0.0004434070142451674,0.16823435,0.004546603,0.44,0.03
735,,,,,,,,,,,,,0.056997742503881454,0.0016432140255346894,0.16628279,0.004294014,0.44,0.03
736,,,,,,,,,,,,,0.055304739624261856,0.001975768944248557,0.16433123,0.004041425,0.44,0.02
737,,,,,,,,,,,,,0.054740406572818756,0.001682337955571711,0.163993325,0.003788836,0.43,0.02
738,,,,,,,,,,,,,0.054176073521375656,0.0024126549251377583,0.16365542,0.004041425,0.41,0.02
739,,,,,,,,,,,,,0.05135440267622471,0.002184431068599224,0.15826965999999998,0.004041425,0.42,0.02
740,,,,,,,,,,,,,0.04853273183107376,0.0019562069792300463,0.1528839,0.004294014,0.41,0.02
741,,,,,,,,,,,,,0.04627539590001106,0.0021779111120849848,0.15158745499999998,0.004041425,0.41,0.02
742,,,,,,,,,,,,,0.044018059968948364,0.0029147479217499495,0.15029101,0.003536247,0.41,0.02
743,,,,,,,,,,,,,0.043453725054860115,0.0038406860549002886,0.14471905499999999,0.004041425,0.4,0.02
744,,,,,,,,,,,,,0.042889390140771866,0.0030321211088448763,0.1391471,0.004041425,0.39,0.02
745,,,,,,,,,,,,,0.03837471827864647,0.0038667689077556133,0.1388023,0.003536247,0.38,0.02
746,,,,,,,,,,,,,0.03386004641652107,0.0029296420980244875,0.1384575,0.003788836,0.37,0.02
747,,,,,,,,,,,,,0.03442437946796417,0.003001369070261717,0.13270626000000002,0.003788836,0.36,0.02
748,,,,,,,,,,,,,0.03498871251940727,0.002979472978040576,0.12695502,0.003536247,0.36,0.02
749,,,,,,,,,,,,,0.03386004455387592,0.003514169016852975,0.124851742,0.003536247,0.34,0.02
750,,,,,,,,,,,,,0.032731376588344574,0.002979472978040576,0.122748464,0.003788836,0.33,0.02
751,,,,,,,,,,,,,0.03103837464004755,,0.120624502,0.003788836,0.32,0.02
752,,,,,,,,,,,,,0.029345372691750526,,0.11850054,0.003283657,0.31,0.02
753,,,,,,,,,,,,,0.029345372691750526,,0.112942375,0.003536247,0.3,0.02
754,,,,,,,,,,,,,0.029345372691750526,,0.10738421,0.003788836,0.31,0.02
755,,,,,,,,,,,,,0.027088036760687828,,0.104887868,0.003788836,0.3,0.02
756,,,,,,,,,,,,,0.02483070082962513,,0.102391526,0.003788836,0.28,0.02
757,,,,,,,,,,,,,0.022573363967239857,,0.097350563,0.003536247,0.27,0.02
758,,,,,,,,,,,,,0.020316027104854584,,0.0923096,0.003536247,0.27,0.02
759,,,,,,,,,,,,,0.020316027104854584,,0.09021322500000001,0.003283657,0.26,0.02
760,,,,,,,,,,,,,0.020316027104854584,,0.08811685,0.003536247,0.25,0.02
761,,,,,,,,,,,,,0.019187359139323235,,0.08401374,0.003788836,0.24,0.02
762,,,,,,,,,,,,,0.018058691173791885,,0.07991063,0.003788836,0.24,0.02
763,,,,,,,,,,,,,0.018058691173791885,,0.078455575,0.003536247,0.23,0.01
764,,,,,,,,,,,,,0.018058691173791885,,0.07700052,0.003283657,0.22,0.01
765,,,,,,,,,,,,,0.01862302515655756,,0.07530411000000001,0.003283657,0.21,0.01
766,,,,,,,,,,,,,0.019187359139323235,,0.0736077,0.003536247,0.21,0.01
767,,,,,,,,,,,,,0.018058691173791885,,0.070373485,0.003283657,0.2,0.01
768,,,,,,,,,,,,,0.016930023208260536,,0.06713927,0.003536247,0.2,0.01
769,,,,,,,,,,,,,0.015237020794302225,,0.065035995,0.003536247,0.21,0.01
770,,,,,,,,,,,,,0.013544018380343914,,0.06293272,0.003788836,0.2,0.01
771,,,,,,,,,,,,,0.014672685880213976,,0.061532837,0.003788836,0.19,0.01
772,,,,,,,,,,,,,0.015801353380084038,,0.060132954,0.003283657,0.18,0.01
773,,,,,,,,,,,,,0.014672685880213976,,0.0590847655,0.003283657,0.18,0.01
774,,,,,,,,,,,,,0.013544018380343914,,0.058036577,0.003283657,0.18,0.01
775,,,,,,,,,,,,,0.013544018380343914,,0.05398174,0.003031068,0.17,0.01
776,,,,,,,,,,,,,0.013544018380343914,,0.049926903,0.003031068,0.15,0.01
777,,,,,,,,,,,,,0.012415350414812565,,0.047989131500000004,0.003283657,0.16,0.01
778,,,,,,,,,,,,,0.011286682449281216,,0.04605136,0.003283657,0.15,0.01
779,,,,,,,,,,,,,0.01185101643204689,,0.044568725000000003,0.003536247,0.14,0.01
780,,,,,,,,,,,,,0.012415350414812565,,0.04308609,0.003283657,0.14,0.01
781,,,,,,,,,,,,,0.011286681983619928,,0.0427274985,0.003031068,0.13,0.01
782,,,,,,,,,,,,,0.010158013552427292,,0.042368907,0.003031068,0.12,0.01
783,,,,,,,,,,,,,0.009029345121234655,,0.0402311535,0.003283657,0.13,0.01
784,,,,,,,,,,,,,0.007900676690042019,,0.0380934,0.003283657,0.13,0.01
785,,,,,,,,,,,,,0.009029345121234655,,0.036707306499999995,0.003283657,0.12,0.01
786,,,,,,,,,,,,,0.010158013552427292,,0.035321213,0.003536247,0.11,0.01
787,,,,,,,,,,,,,0.009029345121234655,,0.03308002,0.003788836,0.1,0.01
788,,,,,,,,,,,,,0.007900676690042019,,0.030838827,0.003536247,0.1,0.01
789,,,,,,,,,,,,,0.009029345121234655,,0.0298389095,0.003283657,0.11,0.01
790,,,,,,,,,,,,,0.010158013552427292,,0.028838992,0.003031068,0.1,0.01
791,,,,,,,,,,,,,0.010158013552427292,,0.028611425500000003,0.002778479,0.1,0.01
792,,,,,,,,,,,,,0.010158013552427292,,0.028383859,0.002778479,0.09,0.01
793,,,,,,,,,,,,,0.009029345121234655,,0.0270253495,0.003283657,0.09,0.01
794,,,,,,,,,,,,,0.007900676690042019,,0.02566684,0.003283657,0.09,0.01
795,,,,,,,,,,,,,0.007900676690042019,,0.025577192999999998,0.003283657,0.1,0.01
796,,,,,,,,,,,,,0.007900676690042019,,0.025487546,0.003283657,0.1,0.01
797,,,,,,,,,,,,,0.009029345121234655,,0.0244738365,0.003283657,0.09,0.01
798,,,,,,,,,,,,,0.010158013552427292,,0.023460127,0.003031068,0.08,0.01
799,,,,,,,,,,,,,0.009029345121234655,,0.0222119545,0.003031068,0.09,0.01
800,,,,,,,,,,,,,,,0.020963782,0.003283657
801,,,,,,,,,,,,,,,0.0209086145
802,,,,,,,,,,,,,,,0.020853447
803,,,,,,,,,,,,,,,0.020508648
804,,,,,,,,,,,,,,,0.020163849
805,,,,,,,,,,,,,,,0.0193018515
806,,,,,,,,,,,,,,,0.018439854
807,,,,,,,,,,,,,,,0.018053678
808,,,,,,,,,,,,,,,0.017667502
809,,,,,,,,,,,,,,,0.017943342
810,,,,,,,,,,,,,,,0.018219182
811,,,,,,,,,,,,,,,0.0168606735
812,,,,,,,,,,,,,,,0.015502165
813,,,,,,,,,,,,,,,0.015198742000000001
814,,,,,,,,,,,,,,,0.014895319
815,,,,,,,,,,,,,,,0.0150677185
816,,,,,,,,,,,,,,,0.015240118
817,,,,,,,,,,,,,,,0.0150539265
818,,,,,,,,,,,,,,,0.014867735
819,,,,,,,,,,,,,,,0.014378120500000001
820,,,,,,,,,,,,,,,0.013888506
821,,,,,,,,,,,,,,,0.013198907999999999
822,,,,,,,,,,,,,,,0.01250931
823,,,,,,,,,,,,,,,0.012433454
824,,,,,,,,,,,,,,,0.012357598
825,,,,,,,,,,,,,,,0.0114956005
826,,,,,,,,,,,,,,,0.010633603
827,,,,,,,,,,,,,,,0.010661186999999999
828,,,,,,,,,,,,,,,0.010688771
829,,,,,,,,,,,,,,,0.009950901
830,,,,,,,,,,,,,,,0.009213031
831,,,,,,,,,,,,,,,0.009150967
832,,,,,,,,,,,,,,,0.009088903
833,,,,,,,,,,,,,,,0.0092199265
834,,,,,,,,,,,,,,,0.00935095
835,,,,,,,,,,,,,,,0.0106611865
836,,,,,,,,,,,,,,,0.011971423
837,,,,,,,,,,,,,,,0.010971505999999999
838,,,,,,,,,,,,,,,0.009971589
839,,,,,,,,,,,,,,,0.0075028275
840,,,,,,,,,,,,,,,0.005034066
841,,,,,,,,,,,,,,,0.0060063995000000005
842,,,,,,,,,,,,,,,0.006978733
843,,,,,,,,,,,,,,,0.005771936
844,,,,,,,,,,,,,,,0.004565139
845,,,,,,,,,,,,,,,0.0047375385
846,,,,,,,,,,,,,,,0.004909938
847,,,,,,,,,,,,,,,0.0051375055
848,,,,,,,,,,,,,,,0.005365073
849,,,,,,,,,,,,,,,0.0038065814999999996